Time,AWY (m3),Wsed (Ton),WN (Kg),WP (kg),BF (m3),WC (Ton)
0,-45.45454544834712,222.58064587929246,53.846153857988156,125.80645172653485,-61.904761893756636,-84.84848483991429
