Time,AWY (%),Wsed (%),WN (%),WP (%),BF (%),WC (%)
0,-45.45454544834712,222.58064587929246,53.846153857988156,125.80645172653485,-61.904761893756636,-84.84848483991429
